<odoo>
    <data noupdate="1">
        <record id="ir_cron_update_esign_count" model="ir.cron">
            <field name="name">Update Esign Count</field>
            <field name="model_id" ref="model_helpdesk_ticket"/>
            <field name="state">code</field>
            <field name="code">model.update_esign_count()</field>
            <field name="interval_number">1</field>
            <field name="interval_type">days</field>
            <field name="numbercall">1</field>
            <field name="active">False</field>
        </record>
    </data>
</odoo>
